epoch,time,train/box_loss,train/cls_loss,train/dfl_loss,metrics/precision(B),metrics/recall(B),metrics/mAP50(B),metrics/mAP50-95(B),val/box_loss,val/cls_loss,val/dfl_loss,lr/pg0,lr/pg1,lr/pg2
1,2067.9,3.55154,15.2348,1.57916,0.12869,0.14659,0.04574,0.01247,2.94359,4.27983,1.24025,0.000662942,0.000662942,0.000662942
2,4120.93,3.20541,3.0107,1.32707,0.0075,0.04217,0.00207,0.00068,3.13581,128.922,1.19624,0.00126379,0.00126379,0.00126379
3,6179.28,3.15899,2.96149,1.27823,0.14599,0.1506,0.06242,0.0157,3.01708,2.76959,1.20925,0.00179864,0.00179864,0.00179864
4,8235.62,3.0275,2.81553,1.26083,0.15083,0.13855,0.05323,0.01513,2.96244,2.96879,1.1833,0.001703,0.001703,0.001703
5,10291.2,2.96765,2.7221,1.24592,0.17506,0.20884,0.08747,0.02362,2.82943,2.47126,1.14873,0.001604,0.001604,0.001604
6,12127.3,2.90707,2.62789,1.22302,0.20245,0.18474,0.091,0.02918,2.69007,2.44314,1.14526,0.001505,0.001505,0.001505
