epoch,time,train/box_loss,train/cls_loss,train/dfl_loss,metrics/precision(B),metrics/recall(B),metrics/mAP50(B),metrics/mAP50-95(B),val/box_loss,val/cls_loss,val/dfl_loss,lr/pg0,lr/pg1,lr/pg2
1,722.783,3.49082,10.7731,1.5568,0.1237,0.13052,0.04381,0.01258,3.20663,6.16898,1.31956,0.000662942,0.000662942,0.000662942
2,1517.7,3.09613,4.55215,1.38148,0.15633,0.16265,0.06387,0.01779,2.9343,3.44861,1.20528,0.00119798,0.00119798,0.00119798
3,2078.02,3.02449,3.24505,1.35794,0.13539,0.14659,0.0578,0.0172,2.95486,3.13854,1.2161,0.00160101,0.00160101,0.00160101
4,2714.16,2.95105,2.90387,1.32506,0.22048,0.18072,0.10062,0.02826,2.7791,2.59845,1.15479,0.001406,0.001406,0.001406
